{
    "name": "mixitup",
    "title": "MixItUp",
    "description": "A CSS3 and jQuery Filter & Sort Plugin",
    "keywords": [
        "filter",
	"sort",
	"CSS3",
	"grid",
	"responsive",
	"animation"
    ],
    "version": "1.5.5",
    "author": {
        "name": "Patrick Kunka, Barrel NY",
        "url": "http://www.barrelny.com"
    },
    "licenses": [
        {
            "type": "CC BY-ND",
            "url": "http://creativecommons.org/licenses/by-nd/3.0/"
        }
    ],
    "homepage": "http://mixitup.io",
    "docs": "http://mixitup.io",
    "download": "http://mixitup.io",
    "dependencies": {
        "jquery": ">=1.4"
    }
}